{
  "version": 1,
  "author": "Anwar Bajarinti",
  "editor": "wokwi",
  "parts": [
    { "type": "wokwi-arduino-mega", "id": "mega", "top": 19.8, "left": -186, "attrs": {} },
    {
      "type": "wokwi-7segment",
      "id": "sevseg1",
      "top": -4.62,
      "left": 254.68,
      "attrs": { "common": "cathode" }
    },
    {
      "type": "wokwi-7segment",
      "id": "sevseg2",
      "top": -4.62,
      "left": 302.68,
      "attrs": { "common": "cathode" }
    }
  ],
  "connections": [
    [ "sevseg1:A", "mega:22", "green", [ "v-27.96", "h-115.2", "v9.6" ] ],
    [ "sevseg1:B", "mega:23", "green", [ "v-37.56", "h-115.2" ] ],
    [ "sevseg1:C", "mega:24", "green", [ "v19.2", "h-38.4", "v-144", "h-57.6", "v0", "h-19.2" ] ],
    [ "sevseg1:D", "mega:25", "green", [ "v28.8", "h-28.8", "v-172.8", "h-57.6" ] ],
    [ "sevseg1:E", "mega:26", "green", [ "v38.4", "h-28.8", "v-201.6", "h-57.6" ] ],
    [ "sevseg1:F", "mega:27", "green", [ "v-66.36", "h-67.2" ] ],
    [ "sevseg1:G", "mega:28", "green", [ "v-18.36", "h-96" ] ],
    [ "sevseg1:DP", "mega:29", "green", [ "v38.4", "h-86.4", "v-57.6" ] ],
    [ "sevseg2:A", "mega:53", "green", [ "v-18.36", "h28.8", "v38.4", "h0", "v172.8", "h-28.8" ] ],
    [ "sevseg2:B", "mega:52", "green", [ "v0.84", "h28.8", "v192" ] ],
    [ "sevseg2:C", "mega:51", "green", [ "v105.6" ] ],
    [ "sevseg2:D", "mega:50", "green", [ "v96" ] ],
    [ "sevseg2:E", "mega:10", "green", [ "h-57.6", "v-38.4" ] ],
    [ "sevseg2:F", "mega:11", "green", [ "v-104.76", "h-364.8", "v28.8" ] ],
    [ "sevseg2:G", "mega:12", "green", [ "v-123.96", "h-364.8", "v28.8" ] ],
    [ "sevseg2:DP", "mega:13", "green", [ "v0", "h9.6", "v-163.2", "h-422.4" ] ],
    [ "mega:GND.1", "sevseg1:COM.2", "black", [ "v0" ] ],
    [ "mega:GND.1", "sevseg2:COM.2", "black", [ "v-48", "h403" ] ],
    [ "mega:GND.3", "sevseg1:COM.1", "black", [ "v26.1", "h280.65", "v-19.2" ] ],
    [ "mega:GND.3", "sevseg2:COM.1", "black", [ "v26.1", "h338.25" ] ]
  ],
  "dependencies": {}
}