{
  "version": 1,
  "author": "Anwar Bajarinti",
  "editor": "wokwi",
  "parts": [
    { "type": "wokwi-arduino-mega", "id": "mega", "top": -28.2, "left": -176.4, "attrs": {} },
    {
      "type": "wokwi-led-bar-graph",
      "id": "bargraph1",
      "top": -52.8,
      "left": 331.2,
      "attrs": { "color": "RED" }
    },
    {
      "type": "wokwi-pushbutton-6mm",
      "id": "btn1",
      "top": 161,
      "left": 316.8,
      "attrs": { "color": "green", "xray": "1" }
    },
    {
      "type": "wokwi-pushbutton-6mm",
      "id": "btn2",
      "top": 189.8,
      "left": 316.8,
      "attrs": { "color": "green", "xray": "1" }
    },
    {
      "type": "wokwi-pushbutton-6mm",
      "id": "btn3",
      "top": 276.2,
      "left": 316.8,
      "attrs": { "color": "green", "xray": "1" }
    },
    {
      "type": "wokwi-pushbutton-6mm",
      "id": "btn4",
      "top": 218.6,
      "left": 316.8,
      "attrs": { "color": "green", "xray": "1" }
    },
    {
      "type": "wokwi-pushbutton-6mm",
      "id": "btn5",
      "top": 132.2,
      "left": 316.8,
      "attrs": { "color": "green", "xray": "1" }
    },
    {
      "type": "wokwi-pushbutton-6mm",
      "id": "btn6",
      "top": 247.4,
      "left": 316.8,
      "attrs": { "color": "green", "xray": "1" }
    },
    {
      "type": "wokwi-pushbutton-6mm",
      "id": "btn7",
      "top": 103.4,
      "left": 316.8,
      "attrs": { "color": "green", "xray": "1" }
    },
    {
      "type": "wokwi-pushbutton-6mm",
      "id": "btn8",
      "top": 74.6,
      "left": 316.8,
      "attrs": { "color": "green", "xray": "1" }
    },
    {
      "type": "wokwi-resistor",
      "id": "r1",
      "top": 71.15,
      "left": 364.8,
      "attrs": { "value": "1000" }
    },
    {
      "type": "wokwi-resistor",
      "id": "r2",
      "top": 99.95,
      "left": 364.8,
      "attrs": { "value": "1000" }
    },
    {
      "type": "wokwi-resistor",
      "id": "r3",
      "top": 272.75,
      "left": 374.4,
      "attrs": { "value": "1000" }
    },
    {
      "type": "wokwi-resistor",
      "id": "r4",
      "top": 243.95,
      "left": 374.4,
      "attrs": { "value": "1000" }
    },
    {
      "type": "wokwi-resistor",
      "id": "r5",
      "top": 215.15,
      "left": 364.8,
      "attrs": { "value": "1000" }
    },
    {
      "type": "wokwi-resistor",
      "id": "r6",
      "top": 186.35,
      "left": 364.8,
      "attrs": { "value": "1000" }
    },
    {
      "type": "wokwi-resistor",
      "id": "r7",
      "top": 157.55,
      "left": 364.8,
      "attrs": { "value": "1000" }
    },
    {
      "type": "wokwi-resistor",
      "id": "r8",
      "top": 128.75,
      "left": 374.4,
      "attrs": { "value": "1000" }
    }
  ],
  "connections": [
    [ "mega:22", "bargraph1:A1", "green", [ "v-46.9", "h65" ] ],
    [ "mega:23", "bargraph1:A2", "green", [ "v0" ] ],
    [ "mega:24", "bargraph1:A3", "green", [ "v0" ] ],
    [ "mega:25", "bargraph1:A4", "green", [ "v0" ] ],
    [ "mega:26", "bargraph1:A5", "green", [ "v0" ] ],
    [ "mega:27", "bargraph1:A6", "green", [ "v0" ] ],
    [ "mega:28", "bargraph1:A7", "green", [ "v0" ] ],
    [ "mega:29", "bargraph1:A8", "green", [ "v0" ] ],
    [ "bargraph1:C8", "bargraph1:C7", "green", [ "h0" ] ],
    [ "bargraph1:C7", "bargraph1:C6", "green", [ "h0" ] ],
    [ "bargraph1:C6", "bargraph1:C5", "green", [ "h0" ] ],
    [ "bargraph1:C5", "bargraph1:C4", "green", [ "h0" ] ],
    [ "bargraph1:C4", "bargraph1:C3", "green", [ "h0" ] ],
    [ "bargraph1:C3", "bargraph1:C2", "green", [ "h0" ] ],
    [ "bargraph1:C2", "bargraph1:C1", "green", [ "h0" ] ],
    [ "mega:GND.1", "bargraph1:C1", "black", [ "v-67.2", "h422.2" ] ],
    [ "mega:5V", "btn3:2.l", "red", [ "v0" ] ],
    [ "mega:5V", "btn6:2.l", "red", [ "v0" ] ],
    [ "mega:5V", "btn4:2.l", "red", [ "v102.9", "h319.1", "v-19.2" ] ],
    [ "mega:5V", "btn2:2.l", "red", [ "v0" ] ],
    [ "mega:5V", "btn1:2.l", "red", [ "v0" ] ],
    [ "mega:5V", "btn5:2.l", "red", [ "v16.5", "h319.1", "v-19.2" ] ],
    [ "mega:5V", "btn7:2.l", "red", [ "v6.9", "h309.5" ] ],
    [ "mega:5V", "btn8:2.l", "red", [ "v45.3", "h319.1", "v-106" ] ],
    [ "btn8:1.r", "r1:1", "green", [ "v0" ] ],
    [ "btn7:1.r", "r2:1", "green", [ "v0" ] ],
    [ "btn5:1.r", "r8:1", "green", [ "v0" ] ],
    [ "btn1:1.r", "r7:1", "green", [ "v0" ] ],
    [ "btn2:1.r", "r6:1", "green", [ "v0" ] ],
    [ "btn4:1.r", "r5:1", "green", [ "v0" ] ],
    [ "btn6:1.r", "r4:1", "green", [ "v0" ] ],
    [ "btn3:1.r", "r3:1", "green", [ "v0" ] ],
    [ "mega:53", "btn8:1.r", "green", [ "v10.7", "h112.6", "v-76.8", "h48" ] ],
    [ "mega:52", "r2:1", "orange", [ "v1.1", "h113", "v-67.2", "h57.6" ] ],
    [ "mega:51", "r8:1", "gold", [ "v1", "h179.8" ] ],
    [ "mega:50", "r7:1", "blue", [ "v-8.6", "h189.8" ] ],
    [ "mega:10", "r6:1", "violet", [ "v-48", "h489.3", "v240", "h-105.6" ] ],
    [ "mega:11", "r5:1", "gray", [ "v-57.6", "h518", "v278.4", "h-124.8" ] ],
    [ "mega:12", "r4:1", "white", [ "v-67.2", "h537.6", "v326.4", "h-134.4", "v-9.6" ] ],
    [ "mega:13", "r3:1", "cyan", [ "v-76.8", "h565.8", "v364.8", "h-144" ] ],
    [ "mega:GND.2", "r3:2", "black", [ "v198.9", "h443.75", "v-19.2" ] ],
    [ "r1:2", "r2:2", "black", [ "v0" ] ],
    [ "r8:2", "r2:2", "black", [ "v0" ] ],
    [ "r6:2", "r7:2", "black", [ "v0" ] ],
    [ "r7:2", "r8:2", "black", [ "v0" ] ],
    [ "r5:2", "r6:2", "black", [ "v0" ] ],
    [ "r4:2", "r5:2", "black", [ "v0" ] ],
    [ "r3:2", "r4:2", "black", [ "v0" ] ]
  ],
  "dependencies": {}
}