{
  "version": 1,
  "author": "Anwar Bajarinti",
  "editor": "wokwi",
  "parts": [
    { "type": "wokwi-arduino-mega", "id": "mega", "top": 19.8, "left": -272.4, "attrs": {} },
    {
      "type": "wokwi-7segment",
      "id": "sevseg1",
      "top": 52.98,
      "left": 216.28,
      "attrs": { "common": "cathode" }
    },
    {
      "type": "wokwi-7segment",
      "id": "sevseg2",
      "top": 52.98,
      "left": 264.28,
      "attrs": { "common": "cathode" }
    },
    {
      "type": "wokwi-7segment",
      "id": "sevseg3",
      "top": 52.98,
      "left": 312.28,
      "attrs": { "common": "cathode" }
    },
    {
      "type": "wokwi-7segment",
      "id": "sevseg4",
      "top": 52.98,
      "left": 360.28,
      "attrs": { "common": "cathode" }
    }
  ],
  "connections": [
    [ "sevseg1:A", "mega:22", "green", [ "v-56.76", "h-76.8" ] ],
    [ "sevseg1:B", "mega:23", "green", [ "v-47.16", "h-163.2" ] ],
    [ "sevseg1:C", "mega:24", "green", [ "v19.2", "h-38.4", "v-153.6", "h-124.8" ] ],
    [ "sevseg1:D", "mega:25", "green", [ "v28.8", "h-28.8", "v-172.8", "h-105.6" ] ],
    [ "sevseg1:E", "mega:26", "green", [ "v38.4", "h-28.8", "v-192", "h-105.6" ] ],
    [ "sevseg1:F", "mega:27", "green", [ "v-95.16", "h-134.4" ] ],
    [ "sevseg1:G", "mega:28", "green", [ "v-95.16", "h-134.4" ] ],
    [ "sevseg1:DP", "mega:29", "green", [ "v48", "h-76.8", "v-220.8", "h-86.4" ] ],
    [ "mega:53", "sevseg2:A", "green", [ "v20.3", "h371.8", "v-240", "h-163.2" ] ],
    [ "mega:52", "sevseg2:B", "green", [ "v29.9", "h372.2", "v-240", "h-172.8", "v9.6" ] ],
    [ "mega:51", "sevseg2:C", "green", [ "v20.2", "h218.2" ] ],
    [ "mega:50", "sevseg2:D", "green", [ "v10.6", "h199.4" ] ],
    [ "sevseg2:E", "mega:10", "green", [ "v48", "h-96", "v-211.2", "h-288" ] ],
    [ "sevseg2:F", "mega:11", "green", [ "v-123.96", "h-403.2", "v28.8" ] ],
    [ "sevseg2:G", "mega:12", "green", [ "v-133.56", "h-403.2", "v28.8" ] ],
    [ "sevseg2:DP", "mega:13", "green", [ "v48", "h-144", "v-259.2", "h-307.2" ] ],
    [ "sevseg3:A", "mega:A0", "green", [ "v-18.36", "h76.8", "v201.6", "h-489.6", "v-9.6" ] ],
    [ "sevseg3:B", "mega:A1", "green", [ "v-27.96", "h67.2", "v220.8", "h-480" ] ],
    [ "sevseg3:C", "mega:A2", "green", [ "v134.4", "h-393.6" ] ],
    [ "sevseg3:D", "mega:A3", "green", [ "v144", "h-364.8" ] ],
    [ "sevseg3:E", "mega:A4", "green", [ "v153.6", "h-345.6" ] ],
    [ "sevseg3:F", "mega:A5", "green", [ "v-37.56", "h105.6", "v268.8", "h-451.2" ] ],
    [ "sevseg3:G", "mega:A6", "green", [ "v-47.16", "h124.8", "v288", "h-451.2" ] ],
    [ "sevseg3:DP", "mega:A7", "green", [ "v182.4", "h-345.6" ] ],
    [ "sevseg4:A", "mega:A8", "green", [ "v10.44", "h86.4", "v278.4", "h-460.8" ] ],
    [ "sevseg4:B", "mega:A9", "green", [ "v10.44", "h76.8", "v288", "h-451.2" ] ],
    [ "sevseg4:C", "mega:A10", "green", [ "v240", "h-355.2" ] ],
    [ "sevseg4:D", "mega:A11", "green", [ "v249.6", "h-326.4" ] ],
    [ "sevseg4:E", "mega:A12", "green", [ "v259.2", "h-307.2" ] ],
    [ "sevseg4:F", "mega:A13", "green", [ "v0.84", "h115.2", "v336", "h-432" ] ],
    [ "sevseg4:G", "mega:A14", "green", [ "v-18.36", "h134.4", "v364.8", "h-432" ] ],
    [ "sevseg4:DP", "mega:A15", "green", [ "v288", "h-316.8" ] ],
    [ "mega:GND.3", "sevseg1:COM.1", "black", [ "v246.9", "h338.25", "v-19.2" ] ],
    [ "mega:GND.3", "sevseg2:COM.1", "black", [ "v237.3", "h405.45" ] ],
    [ "mega:GND.3", "sevseg3:COM.1", "black", [ "v246.9", "h453.45" ] ],
    [ "mega:GND.3", "sevseg4:COM.1", "black", [ "v246.9", "h491.85" ] ],
    [ "mega:GND.1", "sevseg1:COM.2", "black", [ "v-86.4", "h393.4" ] ],
    [ "mega:GND.1", "sevseg2:COM.2", "black", [ "v-86.4", "h441.4" ] ],
    [ "mega:GND.1", "sevseg3:COM.2", "black", [ "v-86.4", "h489.4" ] ],
    [ "mega:GND.1", "sevseg4:COM.2", "black", [ "v-86.4", "h537.4" ] ]
  ],
  "dependencies": {}
}