{
  "version": 1,
  "author": "Anwar Bajarinti",
  "editor": "wokwi",
  "parts": [
    { "type": "wokwi-arduino-mega", "id": "mega", "top": 106.2, "left": 15.6, "attrs": {} },
    {
      "type": "wokwi-led",
      "id": "led1",
      "top": -128.4,
      "left": 51.8,
      "attrs": { "color": "red" }
    },
    { "type": "wokwi-led", "id": "led2", "top": -70.8, "left": 51.8, "attrs": { "color": "red" } },
    {
      "type": "wokwi-led",
      "id": "led3",
      "top": -128.4,
      "left": 99.8,
      "attrs": { "color": "green" }
    },
    {
      "type": "wokwi-led",
      "id": "led4",
      "top": -128.4,
      "left": 205.4,
      "attrs": { "color": "yellow" }
    },
    {
      "type": "wokwi-led",
      "id": "led5",
      "top": -128.4,
      "left": 157.4,
      "attrs": { "color": "blue" }
    },
    {
      "type": "wokwi-led",
      "id": "led6",
      "top": -70.8,
      "left": 397.4,
      "attrs": { "color": "limegreen" }
    },
    {
      "type": "wokwi-led",
      "id": "led7",
      "top": -128.4,
      "left": 253.4,
      "attrs": { "color": "orange" }
    },
    {
      "type": "wokwi-led",
      "id": "led8",
      "top": -128.4,
      "left": 301.4,
      "attrs": { "color": "cyan" }
    },
    {
      "type": "wokwi-led",
      "id": "led9",
      "top": -128.4,
      "left": 349.4,
      "attrs": { "color": "purple" }
    },
    {
      "type": "wokwi-led",
      "id": "led10",
      "top": -70.8,
      "left": 253.4,
      "attrs": { "color": "orange" }
    },
    {
      "type": "wokwi-led",
      "id": "led11",
      "top": -128.4,
      "left": 397.4,
      "attrs": { "color": "yellow" }
    },
    {
      "type": "wokwi-led",
      "id": "led12",
      "top": -70.8,
      "left": 205.4,
      "attrs": { "color": "yellow" }
    },
    {
      "type": "wokwi-led",
      "id": "led13",
      "top": -70.8,
      "left": 157.4,
      "attrs": { "color": "blue" }
    },
    {
      "type": "wokwi-led",
      "id": "led14",
      "top": -70.8,
      "left": 99.8,
      "attrs": { "color": "green" }
    },
    {
      "type": "wokwi-led",
      "id": "led15",
      "top": -70.8,
      "left": 359,
      "attrs": { "color": "purple" }
    },
    {
      "type": "wokwi-led",
      "id": "led16",
      "top": -70.8,
      "left": 301.4,
      "attrs": { "color": "cyan" }
    }
  ],
  "connections": [
    [ "mega:22", "led2:A", "green", [ "v-27.7", "h-290.2" ] ],
    [ "mega:23", "led14:A", "green", [ "v-37.3", "h-252.2", "v-28.8" ] ],
    [ "mega:24", "led13:A", "green", [ "v-56.65", "h-184.6", "v-28.8" ] ],
    [ "mega:25", "led12:A", "green", [ "v-75.85", "h-156.2" ] ],
    [ "mega:26", "led10:A", "green", [ "v-94.95", "h-98.2", "v-28.8" ] ],
    [ "mega:27", "led16:A", "green", [ "v-104.55", "h-50.6" ] ],
    [ "mega:28", "led15:A", "green", [ "v-123.65", "h7.4" ] ],
    [ "mega:29", "led6:A", "green", [ "v-142.85", "h45.4" ] ],
    [ "mega:53", "led1:A", "green", [ "v-8.5", "h179.8", "v-412.8", "h-480", "v48" ] ],
    [ "mega:52", "led3:A", "green", [ "v1.1", "h170.6", "v-412.8", "h-412.8" ] ],
    [ "mega:51", "led5:A", "green", [ "v-8.6", "h151", "v-432", "h-345.6", "v86.4" ] ],
    [ "mega:50", "led4:A", "green", [ "v-18.2", "h141.8", "v-412.8", "h-278.4", "v76.8" ] ],
    [ "mega:10", "led7:A", "green", [ "v48", "h335.7", "v-364.8", "h-220.8", "v115.2" ] ],
    [ "mega:11", "led8:A", "green", [ "v57.6", "h335.6", "v-393.6", "h-163.2", "v124.8" ] ],
    [ "mega:12", "led9:A", "green", [ "v67.2", "h326.4", "v-432", "h-96", "v163.2" ] ],
    [ "mega:13", "led11:A", "green", [ "v86.4", "h316.2", "v-441.6" ] ],
    [ "led6:C", "led15:C", "yellow", [ "v0" ] ],
    [ "led15:C", "led16:C", "yellow", [ "v0" ] ],
    [ "led16:C", "led10:C", "yellow", [ "v0" ] ],
    [ "led12:C", "led10:C", "yellow", [ "v0" ] ],
    [ "led12:C", "led13:C", "yellow", [ "v0" ] ],
    [ "led13:C", "led14:C", "yellow", [ "v0" ] ],
    [ "led14:C", "led2:C", "gold", [ "v0" ] ],
    [ "led11:C", "led9:C", "yellow", [ "v0", "h-47.6" ] ],
    [ "led9:C", "led8:C", "yellow", [ "v0" ] ],
    [ "led7:C", "led8:C", "yellow", [ "v0" ] ],
    [ "led4:C", "led7:C", "yellow", [ "v0" ] ],
    [ "led5:C", "led4:C", "yellow", [ "v0" ] ],
    [ "led3:C", "led5:C", "yellow", [ "v0" ] ],
    [ "led1:C", "led3:C", "yellow", [ "v0" ] ],
    [ "led1:C", "led2:C", "yellow", [ "v0", "h-47.6", "v57.6", "h48" ] ],
    [ "mega:GND.1", "led2:C", "yellow", [ "v-9.6", "h-115.4", "v-134.4" ] ]
  ],
  "dependencies": {}
}